Categoria,Nome,Preço 30ml,Preço 50ml,Preço 100ml,Preço 200ml
Compartilhável,212 VIP BLACK ELIXIR,95,107,171,233
Compartilhável,ACQUAMARINE N POWDER EBK,105,117,191,263
Compartilhável,AFTERNOON SWIM - LV,105,117,197,269
Compartilhável,ALEXANDRIA II - XERJOF,105,117,193,265
Compartilhável,ANGELS' SHARE BY KILIAN,95,107,189,251
Compartilhável,ANGELS' SHARE PARADIS,95,107,197,259
Compartilhável,ANI NISHANE,105,117,203,275
Compartilhável,APPLE BRANDY ON THE ROCKS BY KILIAN,95,107,197,259
Compartilhável,ASAD LATTAFA,95,107,177,239
Compartilhável,BABYCAT - YSL,95,107,187,249
Compartilhável,BACCARAT ROUGE 540,105,117,177,249
Compartilhável,BAL D'AFRIQUE BYREDO,105,117,164,236
Compartilhável,BOND Nº 9,95,107,155,217
Compartilhável,BY THE FIREPLACE REPLICA,105,117,197,269
Compartilhável,CACTUS GARDEN - LV,105,117,197,269
Compartilhável,CARNAL FLOWER,95,107,173,235
Compartilhável,CHOCOLATE GREEDY,105,117,177,249
Compartilhável,CK BE,95,107,143,205
Compartilhável,CK ONE,95,107,149,211
Compartilhável,COROMANDEL EDP - CHANEL,95,107,187,249
Compartilhável,ERBA PURA XERJOFF,105,117,199,271
Compartilhável,GOD OF FIRE,105,117,195,267
Compartilhável,HACIVAT NISHANE,105,117,231,303
Compartilhável,HUNDRED SILENT WAYS - NISHANE,105,117,203,275
Compartilhável,INITIO OUD F GREATNESS,105,117,173,245
Compartilhável,JAZZ CLUB - REPLICA,105,117,189,261
Compartilhável,LAMAR KAJAL,105,117,197,269
Compartilhável,LAYTON .PARFUMS,105,117,187,259
Compartilhável,LV LOVERS - LV,105,117,197,269
Compartilhável,MEGAMARE - O.PARISI,95,107,197,259
Compartilhável,MILLESIME IMPERIAL CREED,95,107,177,239
Compartilhável,MONOI VAGUES D'ETE,95,107,163,225
Compartilhável,NAXOS XJ1861 - XERJOFF,105,117,197,269
Compartilhável,NEW LOOK - DIOR 2024,95,107,177,239
Compartilhável,NOUVEAU MONDE - LV,105,117,197,269
Compartilhável,OMBRE LEATHER,105,117,177,249
Compartilhável,OMBRE NOMADE - LV,105,117,197,269
Compartilhável,OUD MARACUJA,105,117,203,275
Compartilhável,PACIFIC CHILL - LV,105,117,197,269
Compartilhável,RENAISSANCE XJ1861 XERJOF,95,107,183,245
Compartilhável,ROYAL OUD CREED,105,117,197,269
Compartilhável,STRONGER WITH YOU AMBER,95,107,169,231
Compartilhável,TOBACCO VANILLE,95,107,171,233
Feminino,212 NYC,95,107,163,225
Feminino,212 SEXY,95,107,161,223
Feminino,212 VIP,95,107,153,215
Feminino,212 VIP BLACK ELIXIR,95,107,171,233
Feminino,212 VIP ROSE,95,107,163,225
Feminino,212 VIP ROSE LOVE NY,95,107,169,231
Feminino,ACQUA DI GIOIA,95,107,171,233
Feminino,ACQUAMARINE N POWDER EBK,105,117,191,263
Feminino,AFTERNOON SWIM - LV,105,117,197,269
Feminino,ALEXANDRIA II - XERJOF,105,117,193,265
Feminino,ALIEN,95,107,167,229
Feminino,ANGE OU DEMON-EDP 2006,95,107,149,211
Feminino,ANGEL,95,107,167,229
Feminino,ANGEL ELIXIR,95,107,169,231
Feminino,ANGELS' SHARE BY KILIAN,95,107,189,251
Feminino,ANGELS' SHARE PARADIS,95,107,197,259
Feminino,ANI NISHANE,105,117,203,275
Feminino,APPLE BRANDY ON THE ROCKS BY KILIAN,95,107,197,259
Feminino,ASAD LATTAFA,95,107,177,239
Feminino,BABYCAT - YSL,95,107,187,249
Feminino,BACCARAT ROUGE 540,105,117,177,249
Feminino,BAL D'AFRIQUE BYREDO,105,117,164,236
Feminino,BIZANCE ROCHAS DE PARIS,95,107,182,244
Feminino,BONBON,95,107,153,215
Feminino,BOND Nº 9,95,107,155,217
Feminino,BY THE FIREPLACE REPLICA,105,117,197,269
Feminino,CACTUS GARDEN - LV,105,117,197,269
Feminino,CARMINA CREED,105,117,198,270
Feminino,CARNAL FLOWER,95,107,173,235
Feminino,CH - CAROLINA HERRERA,95,107,157,219
Feminino,CHANCE EAU TENDRE,95,107,165,227
Feminino,CHANEL 5,95,107,157,219
Feminino,CHLOE,95,107,165,227
Feminino,CHOCOLATE GREEDY,105,117,177,249
Feminino,CK BE,95,107,143,205
Feminino,CK ONE,95,107,149,211
Feminino,CLASSIQUE,95,107,157,219
Feminino,COCO MADEMOISELLE,95,107,175,237
Feminino,COROMANDEL EDP - CHANEL,95,107,187,249
Feminino,DELINA,105,117,178,250
Feminino,DELINA EXCLUSIVE,105,117,185,257
Feminino,DEVOTION D&G,95,107,175,237
Feminino,DKNY BY DELICIOUS,95,107,165,227
Feminino,DOLCE GABBANA RED,95,107,155,217
Feminino,EDEN - CACHAREL,95,107,148,210
Feminino,ERBA PURA XERJOFF,105,117,199,271
Feminino,ETERNITY - CK,95,107,157,219
Feminino,EUPHORIA,95,107,175,237
Feminino,FAME - PACO RAB,95,107,161,223
Feminino,FANTASY - B. SPEARS,95,107,149,211
Feminino,FLORA GORGEOUS GARDENIA,95,107,173,235
Feminino,FLORA GORGEOUS MAGNOLIA,95,107,185,247
Feminino,GABRIELA SABATINI,95,107,143,205
Feminino,GOD OF FIRE,105,117,195,267
Feminino,GODDESS BUR,95,107,165,227
Feminino,GOOD GIRL,95,107,163,225
Feminino,GOOD GIRL BLUSH,95,107,167,229
Feminino,GOOD GIRL BLUSH ELIXIR,95,107,174,236
Feminino,HACIVAT NISHANE,105,117,231,303
Feminino,HER CODE,95,107,157,219
Feminino,HUNDRED SILENT WAYS - NISHANE,105,117,203,275
Feminino,HYPNOSE - LANCOME,95,107,175,237
Feminino,HYPNOTIC POISON - DIOR,95,107,177,239
Feminino,IDOLE,95,107,177,239
Feminino,INITIO OUD F GREATNESS,105,117,173,245
Feminino,ISSEY MIYAKE,95,107,157,219
Feminino,J MALONE ENG PEAR E FRESIA,95,107,175,237
Feminino,JADORE - DIOR,95,107,158,220
Feminino,JAZZ CLUB - REPLICA,105,117,189,261
Feminino,KENZO AMOUR,95,107,165,227
Feminino,KENZO FLOWER,95,107,151,213
Feminino,L'INTERDIT - GIVENCHY,95,107,165,227
Feminino,L'INTERDIT EDP ROUGE,95,107,197,259
Feminino,LA BELLE,95,107,149,211
Feminino,LA BELLE LE PARFUM,95,107,175,237
Feminino,LA BOMBA CH,95,107,171,233
Feminino,LA NUIT TRESOR,95,107,147,209
Feminino,LA VIE EST BELLE,95,107,167,229
Feminino,LA VIE EST BELLE ELIXIR,95,107,161,223
Feminino,LA VIE EST BELLE L'EXTRAIT,95,107,167,229
Feminino,LA VIE SOLEIL CRISTAL,95,107,163,225
Feminino,LADY MILLION,95,107,158,220
Feminino,LAMAR KAJAL,105,117,197,269
Feminino,LAYTON .PARFUMS,105,117,187,259
Feminino,LIBRE - YSL,95,107,175,237
Feminino,LIGHT BLUE,95,107,158,220
Feminino,LILI,95,107,157,219
Feminino,LOULOU - CACHAREL,95,107,175,237
Feminino,LOVE IN WHITE 2005 - CREED,105,117,187,259
Feminino,LUCKY CHARM CH,95,107,165,227
Feminino,LV LOVERS - LV,105,117,197,269
Feminino,MEGAMARE - O.PARISI,95,107,197,259
Feminino,MILLESIME IMPERIAL CREED,95,107,177,239
Feminino,MISS DIOR,95,107,158,220
Feminino,MONCLER POUR FEMME,95,107,173,235
Feminino,MONOI VAGUES D'ETE,95,107,163,225
Feminino,MONTBLANC SIGNATURE PREMIUM,95,107,177,239
Feminino,MY WAY,95,107,182,244
Feminino,NARCISO FOR HER,95,107,158,220
Feminino,NAXOS XJ1861 - XERJOFF,105,117,197,269
Feminino,NEW LOOK - DIOR 2024,95,107,177,239
Feminino,NOUVEAU MONDE - LV,105,117,197,269
Feminino,OLYMPEA,95,107,155,217
Feminino,OMBRE LEATHER,105,117,177,249
Feminino,OMBRE NOMADE - LV,105,117,197,269
Feminino,OMNIA AMETHYSTE BULGARI,95,107,175,237
Feminino,OUD MARACUJA,105,117,203,275
Feminino,PACIFIC CHILL - LV,105,117,197,269
Feminino,PRADA PARADOXE INTENSE,95,107,193,255
Feminino,PRADA PARADOXE MILANO,95,107,189,251
Feminino,PURE MUSC FOR HER - NARCISO,95,107,165,227
Feminino,PURE XS FOR HER,95,107,169,231
Feminino,QUEEN OF SILK CREED,105,117,191,263
Feminino,RENAISSANCE XJ1861 XERJOF,95,107,183,245
Feminino,ROLLING IN LOVE,105,117,195,267
Feminino,ROUGE ROYAL,95,107,158,220
Feminino,ROYAL AMBER ORIENT,105,117,197,269
Feminino,ROYAL OUD CREED,105,117,197,269
Feminino,SABAH AL WARD LATTAFA,95,107,157,219
Feminino,SCANDAL,95,107,158,220
Feminino,SCANDAL LE PARFUM,95,107,175,237
Feminino,SI - ARMANI,95,107,158,220
Feminino,SOL DE JANEIRO BEIJOS DE SOL,95,107,157,219
Feminino,SOL DE JANEIRO CARIOCA CRUSH,95,107,155,217
Feminino,SOL DE JANEIRO CHEIROSA 59,95,107,155,217
Feminino,SOL DE JANEIRO CHEIROSA 62,95,107,177,239
Feminino,SOL DE JANEIRO CHEIROSA 68,95,107,157,219
Feminino,SOL DE JANEIRO RIO RADIANCE,95,107,177,239
Feminino,SOL DE JANEIRO SUMMER E AMOR,95,107,157,219
Feminino,STRONGER WITH YOU AMBER,95,107,169,231
Feminino,THE ONE,95,107,155,217
Feminino,TOBACCO VANILLE,95,107,171,233
Feminino,VALAYA PARFUMS,105,117,203,275
Feminino,VANILLE FATALE,95,107,163,225
Feminino,VERSACE DYLAN TURQUOISE,95,107,173,235
Feminino,VIBRATO SOSPIRO,105,117,197,269
Feminino,WHITE TEA ELIZABET ARD EDT,95,107,131,193
Feminino,YARA ELIXIR LATTAFA,95,107,163,225
Feminino,YARA LATTAFA,95,107,163,225
Feminino,YES I AM,95,107,163,225
Masculino,212 HEROES,95,107,157,219
Masculino,212 MEN,95,107,165,227
Masculino,212 SEXY MEN,95,107,169,231
Masculino,212 VIP BLACK,95,107,183,245
Masculino,212 VIP BLACK ELIXIR,95,107,171,233
Masculino,212 VIP MEN PREMIUM,95,107,173,235
Masculino,A* MEN (ANGEL MEN),95,107,155,217
Masculino,ACQUA DI GIO ABSOLU,95,107,171,233
Masculino,ACQUA DI GIO ELIXIR,95,107,167,229
Masculino,ACQUA DI GIO PARFUMS,95,107,167,229
Masculino,ACQUA DI GIO PREMIUM,95,107,161,223
Masculino,ACQUA DI GIO PROFONDO,95,107,157,219
Masculino,ACQUAMARINE N POWDER EBK,105,117,191,263
Masculino,AFRICAN LEATHER,105,117,197,269
Masculino,AFTERNOON SWIM - LV,105,117,197,269
Masculino,ALEXANDRIA II - XERJOF,105,117,193,265
Masculino,ALLURE EDITION BLANCHE,95,107,175,237
Masculino,ALLURE H SPORT EXTREME,95,107,169,231
Masculino,ALLURE HOMME SPORT,95,107,169,231
Masculino,ALTHAIR PARFUMS,105,117,197,269
Masculino,AMBASSADOR MEN,105,117,197,269
Masculino,ANGELS' SHARE BY KILIAN,95,107,189,251
Masculino,ANGELS' SHARE PARADIS,95,107,197,259
Masculino,ANI NISHANE,105,117,203,275
Masculino,ANIMALE,95,107,167,229
Masculino,APEX ROJA PARFUMS,105,117,183,255
Masculino,APPLE BRANDY ON THE ROCKS BY KILIAN,95,107,197,259
Masculino,ARABIANS TONKA MONTALE,105,117,201,273
Masculino,ARMANI CODE,95,107,157,219
Masculino,ARMANI CODE ABSOLU GOLD,95,107,189,251
Masculino,ARMANI CODE PARFUM,95,107,185,247
Masculino,ARMANI CODE PROFUMO,95,107,165,227
Masculino,ARTISAN J. VARVATOS,95,107,163,225
Masculino,ASAD ELIXIR LATTAFA,95,107,179,241
Masculino,ASAD LATTAFA,95,107,177,239
Masculino,AZZARO POUR HOMME,95,107,155,217
Masculino,AZZARO THE MOST WANTED,95,107,177,239
Masculino,AZZARO WANTED PREMIUM,95,107,165,227
Masculino,BABYCAT - YSL,95,107,187,249
Masculino,BACCARAT ROUGE 540,105,117,177,249
Masculino,BAD BOY EXTREME CH,95,107,157,219
Masculino,BAD BOY PREMIUM,95,107,157,219
Masculino,BAL D'AFRIQUE BYREDO,105,117,164,236
Masculino,BAROLO,95,107,155,217
Masculino,BLACK XS,95,107,147,209
Masculino,BLEU CHANEL,95,107,163,225
Masculino,BOND Nº 9,95,107,155,217
Masculino,BOSS BOTTLED,95,107,169,231
Masculino,BOSS BOTTLED PARFUM,95,107,161,223
Masculino,BOSS IN MOTION,95,107,157,219
Masculino,BULGARI AQUA P. HOMME,95,107,169,231
Masculino,BULGARI BLACK,95,107,163,225
Masculino,BULGARI GARANAT,95,107,169,231
Masculino,BULGARI MAN IN BLACK,95,107,159,221
Masculino,BULGARI MAN W. ESSENCE,95,107,161,223
Masculino,BULGARI POUR HOMME,95,107,149,211
Masculino,BY THE FIREPLACE REPLICA,105,117,197,269
Masculino,CACTUS GARDEN - LV,105,117,197,269
Masculino,CARNAL FLOWER,95,107,173,235
Masculino,CH MEN PRIVE,95,107,155,217
Masculino,CHOCOLATE GREEDY,105,117,177,249
Masculino,CK BE,95,107,143,205
Masculino,CK ONE,95,107,149,211
Masculino,COOL ELIXIR,95,107,177,239
Masculino,COOL WATER,95,107,143,205
Masculino,COROMANDEL EDP - CHANEL,95,107,187,249
Masculino,CREED AVENTUS,105,117,187,259
Masculino,CREED IRISH,105,117,187,259
Masculino,DIOR HOMME INTENSE,95,107,177,239
Masculino,DIOR HOMME PARFUM 2014,95,107,189,251
Masculino,EGOIST PLATINUM,95,107,185,247
Masculino,ERBA PURA XERJOFF,105,117,199,271
Masculino,EROS VERSACE,95,107,171,233
Masculino,ETERNITY CK,95,107,141,203
Masculino,FAHRENHEIT,95,107,163,225
Masculino,FERRARI BLACK,95,107,143,205
Masculino,FIERCE ABERCROMBIE,95,107,159,221
Masculino,FLEUR DU MALE,95,107,157,219
Masculino,FOREVER WANTED ELIXIR AZZARO,95,107,169,231
Masculino,GENTLEMAN,95,107,149,211
Masculino,GENTLEMAN PARFUM RES PRIVE,95,107,177,239
Masculino,GENTLEMAN SOCIETY,95,107,173,235
Masculino,GOD OF FIRE,105,117,195,267
Masculino,HACIVAT NISHANE,105,117,231,303
Masculino,HALTANE PARFUMS,105,117,197,269
Masculino,HEROD,95,107,157,219
Masculino,HUNDRED SILENT WAYS - NISHANE,105,117,203,275
Masculino,IMAGINATION LV,105,117,203,275
Masculino,INITIO OUD F GREATNESS,105,117,173,245
Masculino,INVICTUS,95,107,157,219
Masculino,INVICTUS PARFUM,95,107,198,260
Masculino,INVICTUS VICTORY ELIXIR,95,107,175,237
Masculino,ISSEY MIYAKE POUR HOMME,95,107,165,227
Masculino,J MALONE VETIVER E VAN,95,107,153,215
Masculino,JAZZ - YSL,95,107,177,239
Masculino,JAZZ CLUB - REPLICA,105,117,189,261
Masculino,JOOP HOMME,95,107,149,211
Masculino,JOOP NIGHTFLIGHT,95,107,143,205
Masculino,JUBILATION,95,107,189,251
Masculino,KENZO H. MARINE,95,107,171,233
Masculino,KENZO P. HOMME,95,107,139,201
Masculino,L'IMMENSITE - LV,105,117,197,269
Masculino,LA NUIT DE L'HOMME,95,107,157,219
Masculino,LAMAR KAJAL,105,117,197,269
Masculino,LAYTON .PARFUMS,105,117,187,259
Masculino,LAYTON EXCLUSIF,105,117,193,265
Masculino,LE BEAU,95,107,149,211
Masculino,LE BEAU LE PARFUM,95,107,169,231
Masculino,LE BEAU PARADISE GARDEN,95,107,195,257
Masculino,LE MALE,95,107,159,221
Masculino,LE MALE ELIXIR,95,107,179,241
Masculino,LE MALE LE PARFUM,95,107,177,239
Masculino,LIGHT BLUE POUR HOMME,95,107,169,231
Masculino,LV LOVERS - LV,105,117,197,269
Masculino,MALBEC,95,107,157,219
Masculino,MEGAMARE - O.PARISI,95,107,197,259
Masculino,MERCEDES BENZ CLUB BLACK,95,107,171,233
Masculino,MILLESIME IMPERIAL CREED,95,107,177,239
Masculino,MONCLER POUR HOMME,105,117,177,249
Masculino,MONOI VAGUES D'ETE,95,107,163,225
Masculino,MONTBLANC EMBLEM,95,107,155,217
Masculino,MONTBLANC EXPLORER,95,107,151,213
Masculino,MONTBLANC INDIVIDUEL,95,107,163,225
Masculino,MONTBLANC LEGEND,95,107,155,217
Masculino,MYSLF - YSL,95,107,177,239
Masculino,MYSLF LE PARFUM,95,107,187,249
Masculino,N1 CLIVE CHRISTIAN,95,107,167,229
Masculino,NARCISO FOR HIM BLEU NOIR,95,107,167,229
Masculino,NARCISO ROD FOR HIM,95,107,171,233
Masculino,NAXOS XJ1861 - XERJOFF,105,117,197,269
Masculino,NEW LOOK - DIOR 2024,95,107,177,239
Masculino,NIO XERJOF,95,107,177,239
Masculino,NOUVEAU MONDE - LV,105,117,197,269
Masculino,OMBRE LEATHER,105,117,177,249
Masculino,OMBRE NOMADE - LV,105,117,197,269
Masculino,ONE MILLION,95,107,167,229
Masculino,ONE MILLION ELIXIR,95,107,171,233
Masculino,ONE MILLION GOLDEN OUD,95,107,181,243
Masculino,ONE MILLION PARFUM,95,107,163,225
Masculino,ONE MILLION PRIVE,95,107,177,239
Masculino,ONE MILLION ROYAL,95,107,169,231
Masculino,OUD MARACUJA,105,117,203,275
Masculino,PACIFIC CHILL - LV,105,117,197,269
Masculino,PEGASUS EXCLUSIF,105,117,173,245
Masculino,PEGASUS PARFUMS,95,107,157,219
Masculino,PHANTOM,95,107,155,217
Masculino,PHANTOM PARFUM,95,107,163,225
Masculino,PI GIVENCHY,95,107,169,231
Masculino,POLO BLACK,95,107,149,211
Masculino,POLO BLUE,95,107,157,219
Masculino,POLO BLUE GOLD BLEND,95,107,177,239
Masculino,POLO VERDE,95,107,157,219
Masculino,PRADA AMBER P.HOMME INTENSE,95,107,189,251
Masculino,PRADA L'HOMME,95,107,183,245
Masculino,PRADA L'HOMME INTENSE,95,107,173,235
Masculino,PURE HAVANE A*MEN,95,107,175,237
Masculino,PURE MALT A*MEN,95,107,169,231
Masculino,PURE XS,95,107,165,227
Masculino,REFLECTION MAN,95,107,165,227
Masculino,RENAISSANCE XJ1861 XERJOF,95,107,183,245
Masculino,ROYAL OUD CREED,105,117,197,269
Masculino,SAUVAGE,95,107,163,225
Masculino,SAUVAGE ELIXIR,95,107,167,229
Masculino,SCANDAL P HOMME,95,107,161,223
Masculino,SCANDAL P. HOMME LE PARFUM,95,107,189,251
Masculino,SILVER SCENT,95,107,163,225
Masculino,SILVER SCENT INTENSE,95,107,157,219
Masculino,SPICEBOMB,95,107,171,233
Masculino,SPICEBOMB EXTREME,95,107,157,219
Masculino,STALLION LEATHER CH,95,107,177,239
Masculino,STRONGER W YOU ABSOL,95,107,159,221
Masculino,STRONGER WITH YOU AMBER,95,107,169,231
Masculino,TERRE D'HERMES,95,107,163,225
Masculino,TERRE D'HERMES EAU GIVRE,95,107,201,263
Masculino,THE ONE,95,107,169,231
Masculino,TOBACCO VANILLE,95,107,171,233
Masculino,TOY BOY MOSCHINO,95,107,155,217
Masculino,TYGAR BVLGARI,95,107,197,259
Masculino,ULTRAMALLE,95,107,163,225
Masculino,VALENTINO UOMO BORN IN ROMA,95,107,177,239
Masculino,VALENTINO UOMO INTENSE,95,107,157,219
Masculino,VERSACE MAN EAU FRAICHE,95,107,167,229
Masculino,VERSACE POUR HOMME PREMIUM,95,107,177,239
Masculino,VIBRATO SOSPIRO,105,117,197,269
Masculino,X FOR MEN CLIVE CHRISTIAN,95,107,163,225
Masculino,XERYUS ROUGE,105,117,193,265
Masculino,Y - YSL,95,107,169,231
Masculino,Y LE PARFUM,95,107,153,215
Body Splash,BARE VANILLA,,,,100
Body Splash,COCONUT,,,,100
Body Splash,LOVE SPELL,,,,100
Body Splash,MANGO TEMPTATION,,,,100
Body Splash,VANILLA LACE,,,,100
Body Splash,WHITE CITRUS B B WORKS,,,,100